,house_id,0
0,7,249343.82147573587
1,2021,53011.89236986404
2,5956,172687.17341960734
3,5957,184185.0123555404
4,7820,273873.69482432585
5,8877,622081.4100062004
6,11950,182031.61589157628
7,15734,217902.72983188415
8,15747,286122.4975855481
